0,1,2,3,4,5,6,7,8,9,10,11,12,13,14,15,16,17,18,19,20,21,22,23,24,25,26,27,28,29,30,31,32,33,34,35,36,37,38,39,40,41,42,43,44,45,46,47,48,49,50,51,52,53,54,55,56,57,58,59,60,61,62,63,64,65,66,67,68,69,70,71,72,73,74,75,76,77,78,79,80,81,82,83,84,85,86,87,88,89,90,91,92,93,94,95
906750,-38,-38,-38,-38,-38,-38,-38,-38,-38,-38,-38,-38,-38,-38,-38,-38,-38,-38,-38,-38,-38,-38,-38,-38,-38,-38,-38,-38,-38,-38,-38,-38,-38,-38,-38,-38,-38,-38,-38,-38,-38,-38,-38,-38,-38,-38,-38,-38,-38,-38,-38,-38,-38,-38,-38,-38,-38,-38,-38,-38,-38,-38,-38,-38,-38,-38,-38,-38,-38,-38,-38,-38,-38,-38,-38,-38,-38,-38,-38,-38,-38,-38,-38,-38,-38,-38,-38,-38,-38,-38,-38,-38,-38,-38,-38
912250,-38,-38,-38,-38,-38,-38,-38,-38,-38,-38,-38,-38,-38,-38,-38,-38,-38,-38,-38,-38,-38,-38,-38,-38,-38,-38,-38,-38,-38,-38,-38,-38,-38,-38,-38,-38,-38,-38,-38,-38,-38,-38,-38,-38,-39,-39,-39,-39,-39,-39,-39,-39,-39,-39,-38,-38,-38,-38,-38,-38,-38,-38,-38,-38,-38,-38,-38,-38,-38,-38,-38,-38,-38,-38,-38,-38,-38,-38,-38,-38,-38,-38,-38,-38,-38,-38,-38,-38,-38,-38,-38,-38,-38,-38,-38
918250,-40,-40,-40,-41,-41,-41,-41,-41,-41,-41,-41,-41,-41,-41,-41,-41,-41,-41,-41,-41,-41,-41,-41,-41,-41,-41,-41,-41,-41,-41,-41,-41,-41,-41,-41,-41,-41,-41,-41,-41,-41,-41,-41,-41,-41,-41,-41,-41,-41,-41,-41,-41,-41,-41,-41,-41,-41,-41,-41,-41,-41,-41,-41,-41,-41,-41,-41,-41,-41,-41,-41,-41,-41,-41,-41,-41,-41,-41,-41,-41,-41,-41,-41,-41,-41,-41,-41,-41,-41,-41,-41,-41,-41,-41,-41
923250,-39,-40,-40,-40,-40,-40,-40,-40,-40,-40,-40,-40,-40,-40,-40,-40,-40,-40,-40,-40,-40,-40,-40,-40,-40,-40,-40,-40,-40,-41,-41,-41,-41,-41,-41,-41,-41,-41,-41,-41,-41,-41,-41,-41,-41,-41,-41,-41,-41,-41,-41,-41,-41,-41,-41,-41,-41,-41,-41,-41,-41,-41,-41,-41,-41,-41,-41,-41,-41,-41,-41,-41,-41,-41,-41,-41,-41,-41,-41,-41,-41,-41,-41,-41,-41,-41,-41,-41,-41,-41,-41,-41,-41,-41,-41
913250,-38,-38,-38,-38,-38,-38,-38,-38,-38,-38,-38,-38,-38,-38,-38,-38,-38,-38,-38,-38,-38,-38,-38,-38,-38,-38,-38,-38,-39,-39,-39,-39,-39,-39,-39,-39,-39,-39,-39,-39,-39,-39,-39,-39,-39,-39,-39,-39,-39,-39,-39,-39,-39,-39,-38,-38,-38,-38,-38,-38,-38,-38,-38,-38,-38,-38,-38,-38,-38,-38,-38,-38,-38,-38,-39,-39,-39,-39,-39,-39,-39,-39,-39,-39,-39,-39,-39,-39,-39,-39,-39,-39,-39,-39,-39
905250,-37,-37,-37,-37,-37,-38,-38,-38,-38,-38,-38,-38,-38,-38,-38,-38,-38,-38,-38,-38,-38,-38,-38,-38,-38,-38,-38,-38,-38,-38,-38,-38,-38,-38,-38,-38,-38,-38,-38,-38,-38,-38,-38,-38,-38,-38,-38,-38,-38,-38,-38,-38,-38,-38,-38,-38,-38,-38,-38,-38,-38,-38,-38,-38,-38,-38,-38,-38,-38,-38,-38,-38,-38,-38,-38,-38,-38,-38,-38,-38,-38,-38,-38,-38,-38,-37,-37,-37,-37,-37,-37,-37,-37,-37,-37
923750,-39,-40,-40,-40,-40,-40,-40,-40,-40,-40,-40,-40,-40,-40,-40,-40,-40,-40,-40,-40,-40,-40,-40,-41,-41,-41,-41,-41,-41,-41,-41,-41,-41,-41,-41,-41,-41,-41,-41,-41,-41,-41,-41,-41,-41,-41,-41,-41,-41,-41,-41,-41,-41,-41,-41,-41,-41,-41,-41,-41,-41,-41,-41,-41,-41,-41,-41,-41,-41,-41,-41,-41,-41,-41,-41,-41,-41,-41,-41,-41,-41,-41,-41,-41,-41,-41,-41,-41,-41,-41,-41,-41,-41,-40,-40
912750,-38,-38,-38,-38,-38,-38,-38,-38,-38,-38,-38,-38,-38,-38,-38,-38,-38,-38,-38,-38,-38,-38,-38,-38,-38,-38,-38,-38,-38,-38,-38,-38,-38,-38,-38,-38,-38,-38,-38,-38,-38,-38,-38,-38,-38,-38,-38,-38,-38,-38,-38,-38,-38,-38,-38,-38,-38,-38,-38,-38,-38,-38,-38,-38,-38,-38,-38,-38,-38,-38,-38,-38,-38,-38,-38,-38,-38,-38,-38,-38,-38,-38,-38,-38,-38,-38,-38,-38,-38,-38,-38,-38,-38,-38,-38
918750,-40,-40,-41,-41,-41,-41,-41,-41,-41,-41,-41,-41,-41,-41,-41,-41,-41,-41,-41,-41,-41,-41,-41,-41,-41,-41,-41,-41,-41,-41,-41,-41,-41,-41,-41,-41,-41,-41,-41,-41,-41,-41,-41,-41,-41,-41,-41,-41,-41,-41,-41,-41,-41,-41,-41,-41,-41,-41,-41,-41,-41,-41,-41,-41,-41,-41,-41,-41,-41,-41,-41,-41,-41,-41,-41,-41,-41,-41,-41,-41,-41,-41,-41,-41,-41,-41,-41,-41,-41,-41,-41,-41,-41,-41,-41
926250,-40,-40,-41,-41,-41,-41,-41,-41,-41,-41,-41,-41,-41,-41,-41,-41,-41,-41,-41,-41,-41,-41,-41,-41,-41,-41,-41,-41,-41,-41,-41,-41,-41,-41,-41,-41,-41,-41,-41,-41,-41,-41,-41,-41,-41,-41,-41,-41,-41,-41,-41,-41,-41,-41,-41,-41,-41,-41,-41,-41,-41,-41,-41,-41,-41,-41,-41,-41,-41,-41,-41,-41,-41,-41,-41,-41,-41,-41,-41,-41,-41,-41,-41,-41,-41,-41,-41,-41,-41,-41,-41,-41,-41,-41,-41
921250,-40,-40,-41,-41,-41,-41,-41,-41,-41,-41,-41,-41,-41,-41,-41,-41,-41,-41,-41,-41,-41,-41,-41,-41,-41,-41,-41,-41,-41,-41,-41,-41,-41,-41,-41,-41,-41,-41,-41,-41,-41,-41,-41,-41,-41,-41,-41,-41,-41,-41,-41,-41,-41,-41,-41,-41,-41,-41,-41,-41,-41,-41,-41,-41,-41,-41,-41,-41,-41,-41,-41,-41,-41,-41,-41,-41,-41,-41,-41,-41,-41,-41,-41,-41,-41,-41,-41,-41,-41,-41,-41,-41,-41,-41,-41
905750,-37,-38,-38,-38,-38,-38,-38,-38,-38,-38,-38,-38,-38,-38,-38,-38,-38,-38,-38,-38,-38,-38,-38,-38,-38,-38,-38,-38,-38,-38,-38,-38,-38,-38,-38,-38,-38,-38,-38,-38,-38,-38,-38,-38,-38,-38,-38,-38,-38,-38,-38,-38,-38,-38,-38,-38,-38,-38,-38,-38,-38,-38,-38,-38,-38,-38,-38,-38,-38,-38,-38,-38,-38,-38,-38,-38,-38,-38,-38,-38,-38,-38,-38,-38,-38,-38,-38,-38,-38,-38,-38,-38,-38,-37,-37
915250,-38,-39,-39,-39,-39,-39,-39,-39,-39,-39,-39,-39,-39,-39,-39,-39,-39,-39,-39,-39,-39,-39,-39,-39,-39,-39,-39,-39,-39,-39,-39,-39,-39,-39,-39,-39,-39,-39,-39,-39,-39,-39,-39,-39,-39,-39,-39,-39,-39,-39,-39,-39,-39,-39,-39,-39,-39,-39,-39,-39,-39,-39,-39,-39,-39,-39,-39,-39,-39,-39,-39,-39,-39,-39,-39,-39,-39,-39,-38,-38,-38,-38,-38,-38,-38,-38,-38,-38,-38,-38,-38,-38,-38,-38,-38
904750,-37,-37,-37,-37,-37,-37,-37,-38,-38,-38,-38,-38,-38,-38,-38,-38,-38,-38,-38,-38,-38,-38,-38,-38,-38,-38,-38,-38,-38,-38,-38,-38,-38,-38,-38,-38,-38,-38,-38,-38,-38,-38,-38,-38,-38,-38,-38,-38,-38,-38,-38,-38,-38,-38,-38,-38,-38,-38,-38,-38,-38,-38,-38,-38,-38,-38,-38,-38,-38,-38,-38,-38,-38,-38,-38,-38,-38,-38,-38,-38,-38,-38,-38,-38,-38,-38,-38,-38,-38,-38,-38,-38,-38,-38,-38
911250,-38,-38,-38,-38,-38,-38,-38,-38,-38,-38,-38,-38,-38,-38,-38,-38,-38,-38,-38,-38,-38,-38,-38,-38,-38,-38,-38,-38,-38,-38,-38,-38,-38,-38,-38,-38,-38,-38,-38,-38,-38,-38,-38,-38,-38,-38,-38,-38,-38,-38,-38,-38,-38,-38,-38,-38,-38,-38,-38,-38,-38,-38,-38,-38,-38,-38,-38,-38,-38,-38,-38,-38,-38,-38,-38,-38,-38,-38,-38,-38,-38,-38,-38,-38,-38,-38,-38,-38,-38,-38,-38,-38,-38,-38,-38
916750,-39,-39,-39,-39,-39,-39,-39,-39,-39,-39,-39,-39,-39,-39,-39,-39,-39,-39,-39,-39,-39,-39,-39,-39,-39,-39,-39,-40,-40,-40,-40,-40,-40,-40,-40,-40,-40,-40,-40,-40,-40,-40,-40,-40,-40,-40,-40,-40,-40,-40,-40,-40,-40,-40,-40,-40,-40,-40,-40,-39,-39,-39,-39,-39,-39,-39,-39,-39,-39,-39,-39,-39,-39,-39,-39,-39,-39,-39,-39,-39,-39,-40,-40,-40,-40,-40,-40,-40,-40,-40,-40,-40,-40,-39,-39
926750,-40,-40,-41,-41,-41,-41,-41,-41,-41,-41,-41,-41,-41,-41,-41,-41,-41,-41,-41,-41,-41,-41,-41,-41,-41,-41,-41,-41,-41,-41,-41,-41,-41,-41,-41,-41,-41,-41,-41,-41,-41,-41,-41,-41,-41,-41,-41,-41,-41,-41,-41,-41,-41,-41,-41,-41,-41,-41,-41,-41,-41,-41,-41,-41,-41,-41,-41,-41,-41,-41,-41,-41,-41,-41,-41,-41,-41,-41,-41,-41,-41,-41,-41,-41,-41,-41,-41,-41,-41,-41,-41,-41,-41,-41,-41
921750,-40,-40,-40,-40,-40,-40,-40,-40,-40,-40,-41,-41,-41,-41,-41,-41,-41,-41,-41,-41,-41,-41,-41,-41,-41,-41,-41,-41,-41,-41,-41,-41,-41,-41,-41,-41,-41,-41,-41,-41,-41,-41,-41,-41,-41,-41,-41,-41,-41,-41,-41,-41,-41,-41,-41,-41,-41,-41,-41,-41,-41,-41,-41,-41,-41,-41,-41,-41,-41,-41,-41,-41,-41,-41,-41,-41,-41,-41,-41,-41,-41,-41,-41,-41,-41,-41,-41,-41,-41,-41,-41,-41,-41,-41,-41
913750,-38,-38,-38,-38,-38,-38,-38,-38,-38,-38,-38,-38,-38,-38,-38,-38,-38,-38,-38,-38,-38,-38,-38,-38,-38,-38,-38,-38,-38,-38,-38,-38,-38,-38,-38,-38,-38,-38,-38,-38,-38,-39,-39,-39,-39,-39,-39,-39,-39,-39,-39,-39,-39,-39,-39,-39,-39,-39,-39,-39,-39,-39,-39,-39,-39,-39,-39,-39,-39,-39,-39,-39,-39,-39,-39,-39,-39,-39,-39,-39,-39,-39,-39,-39,-39,-39,-39,-39,-39,-39,-39,-39,-39,-39,-39
925250,-39,-39,-40,-40,-40,-40,-40,-40,-40,-40,-40,-40,-40,-40,-40,-40,-40,-40,-40,-40,-40,-40,-40,-40,-40,-40,-40,-40,-40,-40,-40,-40,-40,-40,-40,-40,-40,-40,-40,-40,-40,-40,-40,-40,-40,-40,-40,-40,-40,-40,-40,-40,-40,-40,-40,-40,-40,-40,-40,-40,-40,-41,-41,-41,-41,-41,-41,-41,-41,-41,-40,-40,-40,-40,-40,-40,-40,-40,-40,-40,-40,-40,-40,-40,-40,-40,-40,-40,-40,-41,-41,-41,-41,-41,-41
910750,-38,-38,-38,-38,-38,-38,-38,-38,-39,-39,-39,-39,-39,-39,-39,-39,-39,-39,-39,-39,-39,-39,-39,-39,-39,-39,-39,-39,-38,-38,-38,-38,-38,-38,-38,-38,-38,-38,-38,-38,-38,-38,-39,-39,-39,-39,-39,-39,-39,-39,-39,-39,-39,-39,-39,-39,-39,-39,-39,-39,-39,-39,-39,-39,-39,-39,-39,-39,-39,-39,-39,-39,-39,-39,-39,-39,-39,-39,-39,-39,-39,-39,-39,-39,-39,-39,-39,-39,-39,-39,-39,-39,-39,-39,-39
916250,-39,-39,-39,-39,-39,-39,-39,-39,-39,-39,-39,-39,-39,-39,-39,-39,-39,-39,-39,-39,-39,-39,-39,-39,-39,-39,-39,-39,-39,-39,-39,-39,-39,-39,-39,-39,-39,-39,-39,-39,-39,-39,-39,-40,-40,-40,-40,-40,-40,-40,-40,-40,-40,-40,-40,-40,-40,-40,-40,-40,-40,-40,-40,-40,-40,-40,-40,-40,-40,-40,-40,-39,-39,-39,-39,-39,-39,-39,-39,-39,-39,-39,-39,-40,-40,-40,-40,-40,-40,-40,-40,-40,-40,-40,-40
904250,-37,-37,-37,-37,-37,-37,-37,-38,-38,-38,-38,-38,-38,-38,-38,-38,-38,-38,-38,-38,-38,-38,-38,-38,-38,-38,-38,-38,-38,-38,-38,-38,-38,-38,-38,-38,-38,-38,-38,-38,-38,-38,-38,-38,-38,-38,-38,-38,-38,-38,-38,-38,-38,-38,-38,-38,-38,-38,-38,-38,-38,-38,-38,-38,-38,-38,-38,-38,-38,-38,-38,-38,-38,-37,-37,-37,-37,-37,-37,-37,-37,-37,-37,-37,-37,-37,-37,-37,-37,-37,-37,-37,-37,-37,-37
917250,-39,-40,-40,-40,-40,-40,-40,-40,-40,-40,-40,-40,-40,-40,-40,-40,-40,-40,-40,-40,-40,-40,-40,-40,-40,-40,-40,-40,-40,-40,-40,-40,-40,-40,-40,-40,-40,-40,-40,-40,-40,-40,-40,-40,-40,-40,-40,-40,-40,-40,-40,-40,-40,-40,-40,-40,-40,-40,-40,-40,-40,-40,-40,-40,-40,-40,-40,-40,-40,-40,-40,-40,-40,-40,-40,-40,-40,-40,-40,-40,-40,-40,-39,-39,-39,-39,-39,-39,-39,-39,-39,-39,-39,-39,-39
909750,-38,-38,-38,-38,-38,-38,-38,-38,-38,-38,-38,-38,-38,-38,-38,-38,-38,-38,-38,-38,-38,-38,-38,-38,-38,-38,-38,-38,-38,-38,-38,-38,-38,-38,-38,-38,-38,-38,-38,-38,-38,-38,-38,-38,-38,-38,-38,-38,-38,-38,-38,-38,-38,-38,-38,-38,-38,-38,-38,-38,-38,-38,-38,-38,-38,-38,-38,-38,-38,-38,-38,-38,-38,-38,-38,-38,-38,-38,-38,-38,-38,-38,-38,-38,-38,-38,-38,-38,-38,-38,-38,-38,-38,-38,-38
903750,-37,-37,-37,-37,-37,-37,-37,-38,-38,-38,-38,-38,-38,-38,-38,-38,-38,-37,-37,-37,-37,-37,-37,-38,-38,-38,-38,-38,-38,-38,-38,-38,-38,-38,-38,-38,-38,-38,-38,-38,-38,-38,-38,-38,-38,-38,-38,-38,-38,-38,-38,-38,-38,-38,-38,-38,-38,-38,-38,-38,-38,-38,-38,-38,-38,-38,-38,-38,-38,-38,-38,-38,-38,-38,-38,-38,-38,-37,-37,-37,-37,-37,-37,-37,-37,-37,-37,-37,-37,-37,-37,-37,-37,-37,-37
911750,-38,-38,-38,-38,-38,-38,-38,-38,-38,-38,-38,-38,-38,-38,-38,-38,-38,-38,-38,-38,-38,-38,-38,-38,-38,-38,-38,-38,-38,-38,-38,-38,-38,-38,-38,-38,-38,-38,-38,-38,-38,-38,-38,-38,-38,-38,-38,-38,-38,-38,-38,-38,-38,-38,-38,-38,-38,-38,-38,-38,-38,-38,-38,-38,-38,-38,-38,-38,-38,-38,-38,-38,-38,-38,-38,-38,-38,-38,-38,-38,-38,-38,-38,-38,-38,-38,-38,-38,-38,-38,-38,-38,-38,-38,-38
906250,-37,-38,-38,-38,-38,-38,-38,-38,-38,-38,-38,-38,-38,-38,-38,-38,-38,-38,-38,-38,-38,-38,-38,-38,-38,-38,-38,-38,-38,-38,-38,-38,-38,-38,-38,-38,-38,-38,-38,-38,-38,-38,-38,-38,-38,-38,-38,-38,-38,-38,-38,-38,-38,-38,-38,-38,-38,-38,-38,-38,-38,-38,-38,-38,-38,-38,-38,-38,-38,-38,-38,-38,-38,-38,-38,-38,-38,-38,-38,-38,-38,-38,-38,-38,-38,-38,-38,-38,-38,-38,-38,-38,-38,-38,-38
919750,-41,-40,-41,-41,-41,-41,-41,-41,-41,-41,-41,-41,-41,-41,-41,-41,-41,-41,-41,-41,-41,-41,-41,-41,-41,-41,-41,-41,-41,-41,-41,-41,-41,-41,-41,-41,-41,-41,-41,-41,-41,-41,-41,-41,-41,-41,-41,-41,-41,-41,-41,-41,-41,-41,-41,-41,-41,-41,-41,-41,-41,-41,-41,-41,-41,-41,-41,-41,-41,-41,-41,-41,-41,-41,-41,-41,-41,-41,-41,-41,-41,-41,-41,-41,-41,-41,-41,-41,-41,-41,-41,-41,-41,-41,-41
927250,-41,-41,-41,-41,-41,-41,-41,-41,-41,-41,-41,-41,-41,-41,-41,-41,-41,-41,-41,-41,-41,-41,-41,-41,-41,-41,-41,-41,-41,-41,-41,-41,-41,-41,-41,-41,-41,-41,-41,-41,-41,-41,-41,-41,-41,-41,-41,-41,-41,-41,-41,-41,-41,-41,-41,-41,-41,-41,-41,-41,-41,-41,-41,-41,-41,-41,-41,-41,-41,-41,-41,-41,-41,-41,-41,-41,-41,-41,-41,-41,-41,-41,-41,-41,-41,-41,-41,-41,-41,-41,-41,-41,-41,-41,-41
922250,-41,-40,-40,-40,-40,-41,-41,-41,-41,-41,-41,-41,-41,-41,-41,-41,-41,-41,-41,-41,-41,-41,-41,-41,-41,-41,-41,-41,-41,-41,-41,-41,-41,-41,-41,-41,-41,-41,-41,-41,-41,-41,-41,-41,-41,-41,-41,-41,-41,-41,-41,-41,-41,-41,-41,-41,-41,-41,-41,-41,-41,-41,-41,-41,-41,-41,-41,-41,-41,-41,-41,-41,-41,-41,-41,-41,-41,-41,-41,-41,-41,-41,-41,-41,-41,-41,-41,-41,-41,-41,-41,-41,-41,-41,-41
907250,-38,-38,-38,-38,-38,-38,-38,-38,-38,-38,-38,-38,-38,-38,-38,-38,-38,-38,-38,-38,-38,-38,-38,-38,-38,-38,-38,-38,-38,-38,-38,-38,-38,-38,-38,-38,-38,-38,-38,-38,-38,-38,-38,-38,-38,-38,-38,-38,-38,-38,-38,-38,-38,-38,-38,-38,-38,-38,-38,-38,-38,-38,-38,-38,-38,-38,-38,-38,-38,-38,-38,-38,-38,-38,-38,-38,-38,-38,-38,-38,-38,-38,-38,-38,-38,-38,-38,-38,-38,-38,-38,-38,-38,-38,-38
920750,-41,-41,-41,-41,-41,-41,-41,-41,-41,-41,-41,-41,-41,-41,-41,-41,-41,-41,-41,-41,-41,-41,-41,-41,-41,-41,-41,-41,-41,-41,-41,-41,-41,-41,-41,-41,-41,-41,-41,-41,-41,-41,-41,-41,-41,-41,-41,-41,-41,-41,-41,-41,-41,-41,-41,-41,-41,-41,-41,-41,-41,-41,-41,-41,-41,-41,-41,-41,-41,-41,-41,-41,-41,-41,-41,-41,-41,-41,-41,-41,-41,-41,-41,-41,-41,-41,-41,-41,-41,-41,-41,-41,-41,-41,-41
909250,-38,-38,-38,-38,-38,-38,-38,-38,-38,-38,-38,-38,-38,-38,-38,-38,-38,-38,-38,-38,-38,-38,-38,-38,-38,-38,-38,-38,-38,-38,-38,-38,-38,-38,-38,-38,-38,-38,-38,-38,-38,-38,-38,-38,-38,-38,-38,-38,-38,-38,-38,-38,-38,-38,-38,-38,-38,-38,-38,-38,-38,-38,-38,-38,-38,-38,-38,-38,-38,-38,-38,-38,-38,-38,-38,-38,-38,-38,-38,-38,-38,-38,-38,-38,-38,-38,-38,-38,-38,-38,-38,-38,-38,-38,-38
925750,-40,-41,-41,-40,-40,-40,-40,-40,-41,-41,-41,-41,-41,-41,-41,-41,-41,-41,-41,-41,-41,-41,-41,-41,-41,-41,-41,-41,-41,-41,-41,-41,-41,-41,-41,-41,-41,-41,-41,-41,-41,-41,-41,-41,-41,-41,-41,-41,-41,-41,-41,-41,-41,-41,-41,-41,-41,-41,-41,-41,-41,-41,-41,-41,-41,-41,-41,-41,-41,-41,-41,-41,-41,-41,-41,-41,-41,-41,-41,-41,-41,-41,-41,-41,-41,-41,-41,-41,-41,-41,-41,-41,-41,-41,-41
920250,-41,-41,-41,-41,-41,-41,-41,-41,-41,-41,-41,-41,-41,-41,-41,-41,-41,-41,-41,-41,-41,-41,-41,-41,-41,-41,-41,-41,-41,-41,-41,-41,-41,-41,-41,-41,-41,-41,-41,-41,-41,-41,-41,-41,-41,-41,-41,-41,-41,-41,-41,-41,-41,-41,-41,-41,-41,-41,-41,-41,-41,-41,-41,-41,-41,-41,-41,-41,-41,-41,-41,-41,-41,-41,-41,-41,-41,-41,-41,-41,-41,-41,-41,-41,-41,-41,-41,-41,-41,-41,-41,-41,-41,-41,-41
914750,-38,-38,-38,-39,-39,-39,-39,-39,-39,-39,-39,-39,-39,-39,-39,-39,-39,-39,-39,-39,-39,-39,-39,-39,-39,-39,-39,-39,-39,-39,-39,-39,-39,-39,-39,-39,-39,-39,-39,-39,-39,-39,-39,-39,-39,-39,-39,-39,-39,-39,-39,-39,-39,-39,-39,-39,-39,-39,-39,-39,-39,-39,-39,-39,-39,-39,-39,-39,-39,-39,-39,-39,-39,-39,-39,-39,-39,-39,-39,-39,-39,-39,-39,-39,-39,-39,-39,-39,-39,-39,-39,-39,-39,-38,-38
908750,-38,-38,-38,-38,-38,-38,-38,-38,-38,-38,-38,-38,-38,-38,-38,-38,-38,-38,-38,-38,-38,-38,-38,-38,-38,-38,-38,-38,-38,-38,-38,-38,-38,-38,-38,-38,-38,-38,-38,-38,-38,-38,-38,-38,-38,-38,-38,-38,-38,-38,-38,-38,-38,-38,-38,-38,-38,-38,-38,-38,-38,-38,-38,-38,-38,-38,-38,-38,-38,-38,-38,-38,-38,-38,-38,-38,-38,-38,-38,-38,-38,-38,-38,-38,-37,-37,-37,-37,-37,-37,-37,-37,-37,-37,-37
924750,-40,-40,-40,-40,-40,-40,-40,-40,-40,-40,-40,-40,-40,-40,-40,-40,-40,-40,-40,-40,-40,-40,-40,-40,-40,-40,-40,-40,-40,-40,-40,-40,-40,-40,-40,-40,-40,-40,-40,-41,-41,-41,-41,-41,-41,-41,-41,-41,-41,-41,-41,-41,-41,-41,-41,-40,-40,-40,-40,-40,-40,-40,-40,-40,-40,-40,-40,-40,-40,-40,-40,-40,-40,-40,-40,-40,-40,-40,-40,-40,-40,-40,-40,-40,-40,-40,-40,-40,-40,-40,-40,-40,-40,-40,-40
915750,-39,-39,-39,-39,-39,-39,-39,-39,-39,-39,-39,-39,-39,-39,-39,-39,-39,-39,-39,-39,-39,-39,-39,-39,-39,-39,-39,-39,-39,-39,-39,-39,-39,-39,-39,-39,-39,-39,-39,-39,-39,-39,-39,-39,-39,-39,-39,-40,-40,-40,-40,-40,-40,-40,-40,-40,-40,-40,-40,-40,-40,-40,-40,-40,-40,-40,-40,-40,-40,-40,-40,-40,-40,-40,-40,-40,-40,-40,-40,-40,-40,-40,-40,-40,-40,-40,-40,-40,-40,-40,-40,-40,-40,-40,-40
910250,-38,-38,-38,-38,-38,-38,-38,-38,-38,-38,-38,-38,-38,-38,-38,-38,-38,-38,-38,-38,-38,-38,-38,-38,-38,-38,-38,-38,-38,-38,-38,-38,-38,-38,-38,-38,-38,-38,-38,-38,-38,-38,-38,-38,-38,-38,-38,-38,-38,-38,-38,-38,-38,-38,-38,-38,-38,-38,-38,-38,-38,-38,-38,-38,-38,-38,-38,-38,-38,-38,-38,-38,-38,-38,-38,-38,-38,-38,-38,-38,-38,-38,-38,-38,-38,-38,-38,-38,-38,-39,-39,-39,-39,-39,-39
903250,-37,-37,-37,-37,-37,-37,-37,-37,-37,-37,-37,-38,-38,-38,-38,-38,-38,-38,-38,-38,-38,-38,-38,-38,-38,-38,-37,-37,-37,-37,-37,-37,-37,-37,-37,-37,-37,-37,-38,-38,-38,-38,-38,-38,-38,-38,-38,-38,-38,-38,-38,-38,-38,-38,-38,-38,-38,-38,-38,-38,-38,-38,-38,-38,-38,-38,-38,-38,-38,-38,-38,-38,-38,-38,-38,-38,-38,-38,-38,-38,-38,-38,-38,-38,-38,-38,-38,-38,-38,-38,-38,-38,-38,-38,-38
908250,-38,-38,-38,-38,-38,-38,-38,-38,-38,-38,-38,-38,-38,-38,-38,-38,-38,-38,-38,-38,-38,-38,-38,-38,-38,-38,-38,-38,-38,-38,-38,-38,-38,-38,-38,-38,-38,-38,-38,-38,-38,-38,-38,-38,-38,-38,-38,-38,-38,-38,-38,-38,-38,-38,-38,-38,-38,-38,-38,-38,-38,-38,-38,-38,-38,-38,-38,-38,-38,-38,-38,-38,-38,-38,-38,-38,-38,-38,-38,-38,-38,-38,-38,-38,-38,-38,-38,-38,-38,-38,-38,-38,-38,-38,-38
919250,-40,-41,-41,-41,-41,-41,-41,-41,-41,-41,-41,-41,-41,-41,-41,-41,-41,-41,-41,-41,-41,-41,-41,-41,-41,-41,-41,-41,-41,-41,-41,-41,-41,-41,-41,-41,-41,-41,-41,-41,-41,-41,-41,-41,-41,-41,-41,-41,-41,-41,-41,-41,-41,-41,-41,-41,-41,-41,-41,-41,-41,-41,-41,-41,-41,-41,-41,-41,-41,-41,-41,-41,-41,-41,-41,-41,-41,-41,-41,-41,-41,-41,-41,-41,-41,-41,-41,-41,-41,-41,-41,-41,-41,-41,-41
924250,-40,-41,-41,-41,-41,-41,-41,-41,-41,-41,-41,-41,-41,-41,-41,-41,-41,-41,-41,-41,-41,-41,-41,-41,-41,-41,-41,-41,-41,-41,-41,-41,-41,-41,-41,-41,-41,-41,-41,-41,-41,-41,-41,-41,-41,-41,-41,-41,-41,-41,-41,-41,-41,-41,-41,-41,-41,-41,-41,-41,-41,-41,-41,-41,-41,-41,-41,-41,-41,-41,-41,-41,-41,-41,-41,-41,-41,-41,-41,-41,-41,-41,-41,-41,-41,-41,-41,-41,-41,-41,-41,-41,-41,-41,-41
914250,-38,-38,-38,-38,-38,-38,-38,-38,-38,-38,-38,-38,-38,-38,-38,-38,-38,-38,-38,-38,-38,-38,-38,-38,-38,-38,-38,-38,-38,-38,-38,-38,-38,-38,-38,-38,-38,-38,-38,-38,-38,-38,-38,-39,-39,-39,-39,-39,-39,-39,-39,-39,-39,-39,-39,-39,-39,-39,-39,-39,-39,-39,-39,-39,-39,-39,-39,-39,-39,-39,-39,-39,-39,-39,-39,-39,-39,-39,-39,-39,-39,-39,-39,-39,-39,-39,-39,-39,-39,-39,-39,-39,-39,-39,-39
902750,-37,-37,-37,-37,-37,-37,-37,-37,-37,-37,-37,-37,-37,-38,-38,-38,-38,-38,-38,-38,-38,-38,-38,-38,-38,-38,-38,-38,-38,-38,-38,-37,-37,-37,-37,-37,-37,-37,-37,-38,-38,-38,-38,-38,-38,-38,-38,-38,-38,-38,-38,-38,-38,-38,-38,-38,-38,-38,-38,-38,-38,-38,-38,-38,-38,-38,-38,-38,-38,-38,-38,-38,-38,-38,-38,-38,-38,-38,-38,-38,-38,-38,-38,-38,-38,-38,-38,-38,-38,-38,-38,-38,-37,-37,-37
907750,-38,-38,-38,-38,-38,-38,-38,-38,-38,-38,-38,-38,-38,-38,-38,-38,-38,-38,-38,-38,-38,-38,-38,-38,-38,-38,-38,-38,-38,-38,-38,-38,-38,-38,-38,-38,-38,-38,-38,-38,-38,-38,-38,-38,-38,-38,-38,-38,-38,-38,-38,-38,-38,-38,-38,-38,-38,-38,-38,-38,-38,-38,-38,-38,-38,-38,-38,-38,-38,-38,-38,-38,-38,-38,-38,-38,-38,-38,-38,-38,-38,-38,-38,-38,-38,-37,-37,-37,-37,-37,-37,-37,-37,-37,-37
917750,-41,-41,-41,-41,-41,-41,-41,-41,-41,-41,-41,-41,-41,-41,-41,-41,-41,-41,-41,-41,-41,-41,-41,-41,-41,-41,-41,-41,-41,-41,-41,-41,-41,-41,-41,-41,-41,-41,-41,-41,-41,-41,-41,-41,-41,-41,-41,-41,-41,-41,-41,-41,-41,-41,-41,-41,-41,-41,-41,-41,-41,-41,-41,-41,-41,-41,-41,-41,-41,-41,-41,-41,-41,-41,-41,-41,-41,-41,-41,-41,-41,-41,-41,-41,-41,-41,-41,-41,-41,-41,-41,-41,-41,-41,-41
922750,-41,-41,-41,-41,-41,-41,-41,-41,-41,-41,-41,-41,-41,-41,-41,-41,-41,-40,-40,-40,-40,-40,-40,-41,-41,-41,-41,-41,-41,-41,-41,-41,-41,-41,-41,-41,-41,-41,-41,-41,-41,-41,-41,-41,-41,-41,-41,-41,-41,-41,-41,-41,-41,-41,-41,-41,-41,-41,-41,-41,-41,-41,-41,-41,-41,-41,-41,-41,-41,-41,-41,-41,-41,-41,-41,-41,-41,-41,-41,-41,-41,-41,-41,-41,-41,-41,-41,-41,-41,-41,-41,-41,-41,-41,-41